date,drug_name,category,exchange_rate,reference_price,chosen_price,price_multiplier,competitor_price,landed_cost,demand_index,realized_units,revenue,cost,profit,reward
2020-07-19,Drug_5,Antiviral,9.81,33.25,38.61726611852646,1.161421537399292,26.0,21.855798000000004,79.99,41.97044561342099,1620.78386736662,917.2975812969155,703.4862860697044,703.4862860697044
2020-07-19,Drug_50,Antiviral,72.62,10.39,12.043267569541932,1.159121036529541,9.53,8.109096,44.1,34.51806518150182,415.7102949637154,279.91030429105564,135.79999067265976,135.79999067265976
2020-07-19,Drug_50,Antiviral,86.45,16.74,18.76973354101181,1.1212505102157593,9.22,12.627648,60.2,19.66998312161995,369.20034194900614,248.38562302575792,120.81471892324822,120.81471892324822
2020-07-19,Drug_50,Antiviral,9.81,15.5,14.745998501777649,0.9513547420501709,9.22,12.005759999999999,52.44,22.213879750974616,327.5658375265405,266.69450895906095,60.871328567479566,60.871328567479566
2020-07-19,Drug_6,Hormone,72.62,24.98,22.969709869623184,0.9195240139961243,18.22,18.895888,53.77,35.691644577276726,819.826720709756,674.4253184680283,145.40140224172774,145.40140224172774
2020-07-19,Drug_6,Hormone,86.45,26.35,22.076834821701052,0.8378305435180664,18.53,16.413901,94.34,76.47459537096162,1688.3170100611437,1255.2464374340223,433.07057262712146,433.07057262712146
2020-07-19,Drug_6,Hormone,9.81,28.66,29.348295793533325,1.0240159034729004,19.25,18.704092000000003,85.48,45.57606448957623,1337.5798217452336,852.458903210967,485.1209185342666,485.1209185342666
2020-07-19,Drug_7,Antiviral,72.62,12.65,10.857747972011566,0.8583199977874756,6.39,9.378894,62.99,28.150811660659944,305.65441821901004,264.0234785792936,41.630939639716416,41.630939639716416
2020-07-19,Drug_7,Antiviral,86.45,11.21,12.176816476583483,1.0862458944320679,6.26,8.585885,51.13,16.066438415653543,195.6380720197439,137.9445925963835,57.6934794233604,57.6934794233604
2020-07-19,Drug_7,Antiviral,9.81,8.98,10.63214457511902,1.1839804649353027,7.75,6.708576,53.69,37.470018758167036,398.38665666925357,251.3704685605892,147.01618810866438,147.01618810866438
